{
{
    Assert.assertEquals("",AuthorList.fixAuthor_firstNameFirstCommas("",true,false));
    Assert.assertEquals("",AuthorList.fixAuthor_firstNameFirstCommas("",false,false));
    Assert.assertEquals("John Smith",AuthorList.fixAuthor_firstNameFirstCommas("John Smith",false,false));
    Assert.assertEquals("J. Smith",AuthorList.fixAuthor_firstNameFirstCommas("John Smith",true,false));
    Assert.assertTrue(AuthorList.fixAuthor_firstNameFirstCommas("John von Neumann and John Smith and Black Brown, Peter",true,false).equals(AuthorList.fixAuthor_firstNameFirstCommas("John von Neumann" + (0 == 1 ? "" : " and ") + "John Smith and Black Brown, Peter",true,false)));
    Assert.assertEquals("John Smith and Peter Black Brown",AuthorList.fixAuthor_firstNameFirstCommas("John Smith and Black Brown, Peter",false,false));
    Assert.assertEquals("J. Smith and P. Black Brown",AuthorList.fixAuthor_firstNameFirstCommas("John Smith and Black Brown, Peter",true,false));
    Assert.assertEquals("John von Neumann, John Smith and Peter Black Brown",AuthorList.fixAuthor_firstNameFirstCommas("John von Neumann and John Smith and Black Brown, Peter",false,false));
    Assert.assertEquals("J. von Neumann, J. Smith and P. Black Brown",AuthorList.fixAuthor_firstNameFirstCommas("John von Neumann and John Smith and Black Brown, Peter",true,false));
    Assert.assertEquals("J. P. von Neumann",AuthorList.fixAuthor_firstNameFirstCommas("John Peter von Neumann",true,false));
  }
{
    Assert.assertEquals("",AuthorList.fixAuthor_firstNameFirstCommas("",true,true));
    Assert.assertEquals("",AuthorList.fixAuthor_firstNameFirstCommas("",false,true));
    Assert.assertEquals("John Smith",AuthorList.fixAuthor_firstNameFirstCommas("John Smith",false,true));
    Assert.assertEquals("J. Smith",AuthorList.fixAuthor_firstNameFirstCommas("John Smith",true,true));
    Assert.assertTrue(AuthorList.fixAuthor_firstNameFirstCommas("John von Neumann and John Smith and Black Brown, Peter",true,true).equals(AuthorList.fixAuthor_firstNameFirstCommas("John von Neumann" + (0 == 1 ? "" : " and ") + "John Smith and Black Brown, Peter",true,true)));
    Assert.assertEquals("John Smith and Peter Black Brown",AuthorList.fixAuthor_firstNameFirstCommas("John Smith and Black Brown, Peter",false,true));
    Assert.assertEquals("J. Smith and P. Black Brown",AuthorList.fixAuthor_firstNameFirstCommas("John Smith and Black Brown, Peter",true,true));
    Assert.assertEquals("John von Neumann, John Smith, and Peter Black Brown",AuthorList.fixAuthor_firstNameFirstCommas("John von Neumann and John Smith and Black Brown, Peter",false,true));
    Assert.assertEquals("J. von Neumann, J. Smith, and P. Black Brown",AuthorList.fixAuthor_firstNameFirstCommas("John von Neumann and John Smith and Black Brown, Peter",true,true));
    Assert.assertEquals("J. P. von Neumann",AuthorList.fixAuthor_firstNameFirstCommas("John Peter von Neumann",true,true));
  }
}
